{
    "cubes": [
        {
            "cube_id": 1000301,
            "name_cn": "遗迹突击魔方",
            "name_en": "Assault Cube"
        },
        {
            "cube_id": 1000302,
            "name_cn": "战术突击魔方",
            "name_en": "Onslaught Cube"
        },
        {
            "cube_id": 1000303,
            "name_cn": "遗迹巨熊魔方",
            "name_en": "Resilience Cube"
        },
        {
            "cube_id": 1000304,
            "name_cn": "战术巨熊魔方",
            "name_en": "Bastion Cube"
        },
        {
            "cube_id": 1000305,
            "name_cn": "遗迹促进魔方",
            "name_en": "Adjutant Cube"
        },
        {
            "cube_id": 1000306,
            "name_cn": "战术促进魔方",
            "name_en": "Wingman Cube"
        },
        {
            "cube_id": 1000307,
            "name_cn": "遗迹量子魔方",
            "name_en": "Quantum Cube"
        },
        {
            "cube_id": 1000308,
            "name_cn": "体力神器魔方",
            "name_en": "Vigor Cube"
        },
        {
            "cube_id": 1000309,
            "name_cn": "遗迹强韧魔方",
            "name_en": "Endurance Cube"
        },
        {
            "cube_id": 1000310,
            "name_cn": "遗迹治疗魔方",
            "name_en": "Healing Cube"
        },
        {
            "cube_id": 1000311,
            "name_cn": "遗迹回火魔方",
            "name_en": "Tempering Cube"
        },
        {
            "cube_id": 1000312,
            "name_cn": "遗迹辅助魔方",
            "name_en": "Relic Assist Cube"
        },
        {
            "cube_id": 1000313,
            "name_cn": "遗迹毁灭魔方",
            "name_en": "Destruction Cube"
        },
        {
            "cube_id": 1000314,
            "name_cn": "遗迹穿透魔方",
            "name_en": "Piercing Cube"
        }
    ],
    "nikkes": [
        {
            "id": 209001,
            "name_code": 5005,
            "class": "Supporter",
            "name_cn": "艾玛",
            "name_en": "Emma",
            "element": "Fire",
            "use_burst_skill": "Step1",
            "corporation": "ELYSION",
            "weapon_type": "MG",
            "original_rare": "SSR"
        },
        {
            "id": 217001,
            "name_code": 5007,
            "class": "Attacker",
            "name_cn": "普丽瓦蒂",
            "name_en": "Privaty",
            "element": "Water",
            "use_burst_skill": "Step3",
            "corporation": "ELYSION",
            "weapon_type": "AR",
            "original_rare": "SSR"
        },
        {
            "id": 202201,
            "name_code": 5015,
            "class": "Attacker",
            "name_cn": "西格娜",
            "name_en": "Signal",
            "element": "Fire",
            "use_burst_skill": "Step2",
            "corporation": "ELYSION",
            "weapon_type": "SMG",
            "original_rare": "SSR"
        },
        {
            "id": 203001,
            "name_code": 5016,
            "class": "Defender",
            "name_cn": "波莉",
            "name_en": "Poli",
            "element": "Water",
            "use_burst_skill": "Step2",
            "corporation": "ELYSION",
            "weapon_type": "SG",
            "original_rare": "SSR"
        },
        {
            "id": 203201,
            "name_code": 5017,
            "class": "Supporter",
            "name_cn": "米兰达",
            "name_en": "Miranda",
            "element": "Fire",
            "use_burst_skill": "Step1",
            "corporation": "ELYSION",
            "weapon_type": "SMG",
            "original_rare": "SSR"
        },
        {
            "id": 207001,
            "name_code": 5018,
            "class": "Attacker",
            "name_cn": "布丽德",
            "name_en": "Brid",
            "element": "Water",
            "use_burst_skill": "Step3",
            "corporation": "ELYSION",
            "weapon_type": "AR",
            "original_rare": "SSR"
        },
        {
            "id": 207101,
            "name_code": 5019,
            "class": "Attacker",
            "name_cn": "索林",
            "name_en": "Soline",
            "element": "Iron",
            "use_burst_skill": "Step3",
            "corporation": "ELYSION",
            "weapon_type": "SMG",
            "original_rare": "SSR"
        },
        {
            "id": 207201,
            "name_code": 5020,
            "class": "Defender",
            "name_cn": "迪塞尔",
            "name_en": "Diesel",
            "element": "Wind",
            "use_burst_skill": "Step2",
            "corporation": "ELYSION",
            "weapon_type": "MG",
            "original_rare": "SSR"
        },
        {
            "id": 209101,
            "name_code": 5022,
            "class": "Attacker",
            "name_cn": "贝斯蒂",
            "name_en": "Vesti",
            "element": "Water",
            "use_burst_skill": "Step3",
            "corporation": "ELYSION",
            "weapon_type": "RL",
            "original_rare": "SSR"
        },
        {
            "id": 209201,
            "name_code": 5023,
            "class": "Attacker",
            "name_cn": "银华",
            "name_en": "Eunhwa",
            "element": "Fire",
            "use_burst_skill": "Step2",
            "corporation": "ELYSION",
            "weapon_type": "SR",
            "original_rare": "SSR"
        },
        {
            "id": 218001,
            "name_code": 5031,
            "class": "Attacker",
            "name_cn": "吉萝婷",
            "name_en": "Guillotine",
            "element": "Electronic",
            "use_burst_skill": "Step3",
            "corporation": "ELYSION",
            "weapon_type": "MG",
            "original_rare": "SSR"
        },
        {
            "id": 218101,
            "name_code": 5032,
            "class": "Attacker",
            "name_cn": "梅登",
            "name_en": "Maiden",
            "element": "Electronic",
            "use_burst_skill": "Step3",
            "corporation": "ELYSION",
            "weapon_type": "SG",
            "original_rare": "SSR"
        },
        {
            "id": 204001,
            "name_code": 1007,
            "class": "Attacker",
            "name_cn": "D",
            "name_en": "D",
            "element": "Wind",
            "use_burst_skill": "Step3",
            "corporation": "ELYSION",
            "weapon_type": "SMG",
            "original_rare": "SSR"
        },
        {
            "id": 204101,
            "name_code": 5141,
            "class": "Attacker",
            "name_cn": "K",
            "name_en": "K",
            "element": "Electronic",
            "use_burst_skill": "Step3",
            "corporation": "ELYSION",
            "weapon_type": "SMG",
            "original_rare": "SSR"
        },
        {
            "id": 235201,
            "name_code": 5066,
            "class": "Attacker",
            "name_cn": "海伦",
            "name_en": "Helm",
            "element": "Water",
            "use_burst_skill": "Step3",
            "corporation": "ELYSION",
            "weapon_type": "SR",
            "original_rare": "SSR"
        },
        {
            "id": 201401,
            "name_code": 5071,
            "class": "Attacker",
            "name_cn": "尼恩：蓝色海洋",
            "name_en": "Neon: Blue Ocean",
            "element": "Water",
            "use_burst_skill": "Step3",
            "corporation": "ELYSION",
            "weapon_type": "MG",
            "original_rare": "SSR"
        },
        {
            "id": 235001,
            "name_code": 5079,
            "class": "Supporter",
            "name_cn": "马斯特",
            "name_en": "Mast",
            "element": "Electronic",
            "use_burst_skill": "Step2",
            "corporation": "ELYSION",
            "weapon_type": "SMG",
            "original_rare": "SSR"
        },
        {
            "id": 235301,
            "name_code": 5098,
            "class": "Attacker",
            "name_cn": "海伦：海蓝宝石",
            "name_en": "Helm: Aquamarine",
            "element": "Iron",
            "use_burst_skill": "Step2",
            "corporation": "ELYSION",
            "weapon_type": "AR",
            "original_rare": "SSR"
        },
        {
            "id": 232101,
            "name_code": 5048,
            "class": "Supporter",
            "name_cn": "玛律恰那",
            "name_en": "Marciana",
            "element": "Iron",
            "use_burst_skill": "Step2",
            "corporation": "ELYSION",
            "weapon_type": "SG",
            "original_rare": "SSR"
        },
        {
            "id": 203301,
            "name_code": 5082,
            "class": "Supporter",
            "name_cn": "基里",
            "name_en": "Quiry",
            "element": "Wind",
            "use_burst_skill": "Step3",
            "corporation": "ELYSION",
            "weapon_type": "RL",
            "original_rare": "SSR"
        },
        {
            "id": 231301,
            "name_code": 5106,
            "class": "Attacker",
            "name_cn": "普丽瓦蒂：不友善的女仆",
            "name_en": "Privaty: Unkind Maid",
            "element": "Electronic",
            "use_burst_skill": "Step3",
            "corporation": "ELYSION",
            "weapon_type": "SG",
            "original_rare": "SSR"
        },
        {
            "id": 204301,
            "name_code": 5110,
            "class": "Supporter",
            "name_cn": "D：杀手妻子",
            "name_en": "D: Killer Wife",
            "element": "Fire",
            "use_burst_skill": "Step1",
            "corporation": "ELYSION",
            "weapon_type": "SR",
            "original_rare": "SSR"
        },
        {
            "id": 239001,
            "name_code": 5088,
            "class": "Supporter",
            "name_cn": "茨瓦伊",
            "name_en": "Zwei",
            "element": "Electronic",
            "use_burst_skill": "Step1",
            "corporation": "ELYSION",
            "weapon_type": "SG",
            "original_rare": "SSR"
        },
        {
            "id": 258001,
            "name_code": 5122,
            "class": "Attacker",
            "name_cn": "潘托姆",
            "name_en": "Phantom",
            "element": "Water",
            "use_burst_skill": "Step3",
            "corporation": "ELYSION",
            "weapon_type": "AR",
            "original_rare": "SSR"
        },
        {
            "id": 218301,
            "name_code": 5127,
            "class": "Defender",
            "name_cn": "梅登：冰玫瑰",
            "name_en": "Maiden: Ice Rose",
            "element": "Electronic",
            "use_burst_skill": "Step3",
            "corporation": "ELYSION",
            "weapon_type": "RL",
            "original_rare": "SSR"
        },
        {
            "id": 218201,
            "name_code": 5128,
            "class": "Attacker",
            "name_cn": "吉萝婷：寒冬杀手",
            "name_en": "Guillotine: Winter Slayer",
            "element": "Water",
            "use_burst_skill": "Step3",
            "corporation": "ELYSION",
            "weapon_type": "AR",
            "original_rare": "SSR"
        },
        {
            "id": 201601,
            "name_code": 5129,
            "class": "Attacker",
            "name_cn": "拉毗：小红帽",
            "name_en": "Rapi: Red Hood",
            "element": "Fire",
            "use_burst_skill": "Step3",
            "corporation": "ELYSION",
            "weapon_type": "MG",
            "original_rare": "SSR"
        },
        {
            "id": 235401,
            "name_code": 5130,
            "class": "Supporter",
            "name_cn": "马斯特：浪漫的女仆",
            "name_en": "Mast: Romantic Maid",
            "element": "Water",
            "use_burst_skill": "Step2",
            "corporation": "ELYSION",
            "weapon_type": "MG",
            "original_rare": "SSR"
        },
        {
            "id": 235501,
            "name_code": 5131,
            "class": "Supporter",
            "name_cn": "安克：天真的女仆",
            "name_en": "Anchor: Innocent Maid",
            "element": "Water",
            "use_burst_skill": "Step2",
            "corporation": "ELYSION",
            "weapon_type": "RL",
            "original_rare": "SSR"
        },
        {
            "id": 258101,
            "name_code": 5140,
            "class": "Supporter",
            "name_cn": "阿尔卡娜",
            "name_en": "Arcana",
            "element": "Electronic",
            "use_burst_skill": "Step2",
            "corporation": "ELYSION",
            "weapon_type": "RL",
            "original_rare": "SSR"
        },
        {
            "id": 110201,
            "name_code": 5001,
            "class": "Attacker",
            "name_cn": "麦斯威尔",
            "name_en": "Maxwell",
            "element": "Iron",
            "use_burst_skill": "Step3",
            "corporation": "MISSILIS",
            "weapon_type": "SR",
            "original_rare": "SSR"
        },
        {
            "id": 116001,
            "name_code": 5006,
            "class": "Defender",
            "name_cn": "尤妮",
            "name_en": "Yuni",
            "element": "Fire",
            "use_burst_skill": "Step2",
            "corporation": "MISSILIS",
            "weapon_type": "RL",
            "original_rare": "SSR"
        },
        {
            "id": 108201,
            "name_code": 5011,
            "class": "Supporter",
            "name_cn": "丽塔",
            "name_en": "Liter",
            "element": "Iron",
            "use_burst_skill": "Step1",
            "corporation": "MISSILIS",
            "weapon_type": "SMG",
            "original_rare": "SSR"
        },
        {
            "id": 115001,
            "name_code": 5014,
            "class": "Attacker",
            "name_cn": "尤莉亚",
            "name_en": "Julia",
            "element": "Iron",
            "use_burst_skill": "Step3",
            "corporation": "MISSILIS",
            "weapon_type": "AR",
            "original_rare": "SSR"
        },
        {
            "id": 108001,
            "name_code": 5021,
            "class": "Defender",
            "name_cn": "桑迪",
            "name_en": "Centi",
            "element": "Iron",
            "use_burst_skill": "Step2",
            "corporation": "MISSILIS",
            "weapon_type": "RL",
            "original_rare": "SSR"
        },
        {
            "id": 110101,
            "name_code": 5024,
            "class": "Attacker",
            "name_cn": "德雷克",
            "name_en": "Drake",
            "element": "Fire",
            "use_burst_skill": "Step3",
            "corporation": "MISSILIS",
            "weapon_type": "SG",
            "original_rare": "SSR"
        },
        {
            "id": 111001,
            "name_code": 5025,
            "class": "Defender",
            "name_cn": "克拉乌",
            "name_en": "Crow",
            "element": "Fire",
            "use_burst_skill": "Step3",
            "corporation": "MISSILIS",
            "weapon_type": "SMG",
            "original_rare": "SSR"
        },
        {
            "id": 113101,
            "name_code": 5027,
            "class": "Supporter",
            "name_cn": "佩珀",
            "name_en": "Pepper",
            "element": "Wind",
            "use_burst_skill": "Step1",
            "corporation": "MISSILIS",
            "weapon_type": "SG",
            "original_rare": "SSR"
        },
        {
            "id": 117201,
            "name_code": 5030,
            "class": "Supporter",
            "name_cn": "艾德米",
            "name_en": "Admi",
            "element": "Wind",
            "use_burst_skill": "Step2",
            "corporation": "MISSILIS",
            "weapon_type": "SR",
            "original_rare": "SSR"
        },
        {
            "id": 111101,
            "name_code": 1020,
            "class": "Defender",
            "name_cn": "豺狼",
            "name_en": "Jackal",
            "element": "Iron",
            "use_burst_skill": "Step1",
            "corporation": "MISSILIS",
            "weapon_type": "RL",
            "original_rare": "SSR"
        },
        {
            "id": 110001,
            "name_code": 1010,
            "class": "Attacker",
            "name_cn": "拉普拉斯",
            "name_en": "Laplace",
            "element": "Iron",
            "use_burst_skill": "Step3",
            "corporation": "MISSILIS",
            "weapon_type": "RL",
            "original_rare": "SSR"
        },
        {
            "id": 140001,
            "name_code": 5055,
            "class": "Attacker",
            "name_cn": "吉尔提",
            "name_en": "Guilty",
            "element": "Wind",
            "use_burst_skill": "Step2",
            "corporation": "MISSILIS",
            "weapon_type": "SG",
            "original_rare": "SSR"
        },
        {
            "id": 140101,
            "name_code": 5059,
            "class": "Defender",
            "name_cn": "森",
            "name_en": "Sin",
            "element": "Electronic",
            "use_burst_skill": "Step2",
            "corporation": "MISSILIS",
            "weapon_type": "AR",
            "original_rare": "SSR"
        },
        {
            "id": 140201,
            "name_code": 5078,
            "class": "Supporter",
            "name_cn": "坎西",
            "name_en": "Quency",
            "element": "Electronic",
            "use_burst_skill": "Step2",
            "corporation": "MISSILIS",
            "weapon_type": "SMG",
            "original_rare": "SSR"
        },
        {
            "id": 112101,
            "name_code": 5085,
            "class": "Supporter",
            "name_cn": "安妮：奇迹仙女",
            "name_en": "Anne: Miracle Fairy",
            "element": "Wind",
            "use_burst_skill": "Step2",
            "corporation": "MISSILIS",
            "weapon_type": "RL",
            "original_rare": "SSR"
        },
        {
            "id": 324101,
            "name_code": 5038,
            "class": "Attacker",
            "name_cn": "艾菲涅尔",
            "name_en": "Epinel",
            "element": "Wind",
            "use_burst_skill": "Step3",
            "corporation": "MISSILIS",
            "weapon_type": "SMG",
            "original_rare": "SSR"
        },
        {
            "id": 145001,
            "name_code": 5099,
            "class": "Supporter",
            "name_cn": "娜嘉",
            "name_en": "Naga",
            "element": "Electronic",
            "use_burst_skill": "Step2",
            "corporation": "MISSILIS",
            "weapon_type": "SG",
            "original_rare": "SSR"
        },
        {
            "id": 145101,
            "name_code": 5100,
            "class": "Defender",
            "name_cn": "蒂亚",
            "name_en": "Tia",
            "element": "Iron",
            "use_burst_skill": "Step1",
            "corporation": "MISSILIS",
            "weapon_type": "RL",
            "original_rare": "SSR"
        },
        {
            "id": 119201,
            "name_code": 5081,
            "class": "Supporter",
            "name_cn": "托比",
            "name_en": "Tove",
            "element": "Water",
            "use_burst_skill": "Step1",
            "corporation": "MISSILIS",
            "weapon_type": "AR",
            "original_rare": "SSR"
        },
        {
            "id": 150001,
            "name_code": 5107,
            "class": "Supporter",
            "name_cn": "伊莱格",
            "name_en": "Elegg",
            "element": "Electronic",
            "use_burst_skill": "Step2",
            "corporation": "MISSILIS",
            "weapon_type": "MG",
            "original_rare": "SSR"
        },
        {
            "id": 136101,
            "name_code": 5053,
            "class": "Defender",
            "name_cn": "吉洛",
            "name_en": "Kilo",
            "element": "Fire",
            "use_burst_skill": "Step3",
            "corporation": "MISSILIS",
            "weapon_type": "MG",
            "original_rare": "SSR"
        },
        {
            "id": 150101,
            "name_code": 5112,
            "class": "Attacker",
            "name_cn": "特罗尼",
            "name_en": "Trony",
            "element": "Fire",
            "use_burst_skill": "Step3",
            "corporation": "MISSILIS",
            "weapon_type": "SR",
            "original_rare": "SSR"
        },
        {
            "id": 139101,
            "name_code": 5077,
            "class": "Attacker",
            "name_cn": "爱因",
            "name_en": "Ein",
            "element": "Electronic",
            "use_burst_skill": "Step3",
            "corporation": "MISSILIS",
            "weapon_type": "SR",
            "original_rare": "SSR"
        },
        {
            "id": 140301,
            "name_code": 5121,
            "class": "Attacker",
            "name_cn": "坎西：逃生女王",
            "name_en": "Quency: Escape Queen",
            "element": "Water",
            "use_burst_skill": "Step3",
            "corporation": "MISSILIS",
            "weapon_type": "SMG",
            "original_rare": "SSR"
        },
        {
            "id": 141101,
            "name_code": 5126,
            "class": "Supporter",
            "name_cn": "芙罗拉",
            "name_en": "Flora",
            "element": "Electronic",
            "use_burst_skill": "Step2",
            "corporation": "MISSILIS",
            "weapon_type": "MG",
            "original_rare": "SSR"
        },
        {
            "id": 129001,
            "name_code": 1019,
            "class": "Attacker",
            "name_cn": "玛娜",
            "name_en": "Mana",
            "element": "Wind",
            "use_burst_skill": "Step3",
            "corporation": "MISSILIS",
            "weapon_type": "AR",
            "original_rare": "SSR"
        },
        {
            "id": 141201,
            "name_code": 5134,
            "class": "Supporter",
            "name_cn": "特蕾娜",
            "name_en": "Trina",
            "element": "Electronic",
            "use_burst_skill": "Step2",
            "corporation": "MISSILIS",
            "weapon_type": "RL",
            "original_rare": "SSR"
        },
        {
            "id": 116201,
            "name_code": 5138,
            "class": "Attacker",
            "name_cn": "米哈拉：羁绊锁链",
            "name_en": "Mihara: Bonding Chain",
            "element": "Fire",
            "use_burst_skill": "Step3",
            "corporation": "MISSILIS",
            "weapon_type": "MG",
            "original_rare": "SSR"
        },
        {
            "id": 159001,
            "name_code": 5139,
            "class": "Defender",
            "name_cn": "莫莉",
            "name_en": "Mori",
            "element": "Wind",
            "use_burst_skill": "Step2",
            "corporation": "MISSILIS",
            "weapon_type": "AR",
            "original_rare": "SSR"
        },
        {
            "id": 314001,
            "name_code": 5002,
            "class": "Attacker",
            "name_cn": "舒格",
            "name_en": "Sugar",
            "element": "Iron",
            "use_burst_skill": "Step3",
            "corporation": "TETRA",
            "weapon_type": "SG",
            "original_rare": "SSR"
        },
        {
            "id": 321001,
            "name_code": 5003,
            "class": "Supporter",
            "name_cn": "艾可希雅",
            "name_en": "Exia",
            "element": "Electronic",
            "use_burst_skill": "Step1",
            "corporation": "TETRA",
            "weapon_type": "SR",
            "original_rare": "SSR"
        },
        {
            "id": 319101,
            "name_code": 5004,
            "class": "Attacker",
            "name_cn": "爱丽丝",
            "name_en": "Alice",
            "element": "Fire",
            "use_burst_skill": "Step3",
            "corporation": "TETRA",
            "weapon_type": "SR",
            "original_rare": "SSR"
        },
        {
            "id": 327001,
            "name_code": 5008,
            "class": "Defender",
            "name_cn": "布兰儿",
            "name_en": "Blanc",
            "element": "Wind",
            "use_burst_skill": "Step2",
            "corporation": "TETRA",
            "weapon_type": "AR",
            "original_rare": "SSR"
        },
        {
            "id": 327101,
            "name_code": 5009,
            "class": "Attacker",
            "name_cn": "诺亚尔",
            "name_en": "Noir",
            "element": "Wind",
            "use_burst_skill": "Step3",
            "corporation": "TETRA",
            "weapon_type": "SG",
            "original_rare": "SSR"
        },
        {
            "id": 314201,
            "name_code": 5010,
            "class": "Supporter",
            "name_cn": "普琳玛",
            "name_en": "Frima",
            "element": "Iron",
            "use_burst_skill": "Step1",
            "corporation": "TETRA",
            "weapon_type": "SR",
            "original_rare": "SSR"
        },
        {
            "id": 313001,
            "name_code": 5026,
            "class": "Supporter",
            "name_cn": "梅里",
            "name_en": "Mary",
            "element": "Water",
            "use_burst_skill": "Step1",
            "corporation": "TETRA",
            "weapon_type": "SG",
            "original_rare": "SSR"
        },
        {
            "id": 314101,
            "name_code": 5028,
            "class": "Attacker",
            "name_cn": "米尔克",
            "name_en": "Milk",
            "element": "Water",
            "use_burst_skill": "Step1",
            "corporation": "TETRA",
            "weapon_type": "SR",
            "original_rare": "SSR"
        },
        {
            "id": 317101,
            "name_code": 5029,
            "class": "Attacker",
            "name_cn": "尤尔夏",
            "name_en": "Yulha",
            "element": "Fire",
            "use_burst_skill": "Step3",
            "corporation": "TETRA",
            "weapon_type": "SR",
            "original_rare": "SSR"
        },
        {
            "id": 319001,
            "name_code": 5033,
            "class": "Defender",
            "name_cn": "鲁德米拉",
            "name_en": "Ludmilla",
            "element": "Water",
            "use_burst_skill": "Step1",
            "corporation": "TETRA",
            "weapon_type": "SMG",
            "original_rare": "SSR"
        },
        {
            "id": 320001,
            "name_code": 5034,
            "class": "Attacker",
            "name_cn": "露菲",
            "name_en": "Rupee",
            "element": "Iron",
            "use_burst_skill": "Step2",
            "corporation": "TETRA",
            "weapon_type": "AR",
            "original_rare": "SSR"
        },
        {
            "id": 320101,
            "name_code": 5035,
            "class": "Supporter",
            "name_cn": "杨",
            "name_en": "Yan",
            "element": "Fire",
            "use_burst_skill": "Step1",
            "corporation": "TETRA",
            "weapon_type": "RL",
            "original_rare": "SSR"
        },
        {
            "id": 320201,
            "name_code": 5036,
            "class": "Supporter",
            "name_cn": "朵拉",
            "name_en": "Dolla",
            "element": "Wind",
            "use_burst_skill": "Step2",
            "corporation": "TETRA",
            "weapon_type": "SR",
            "original_rare": "SSR"
        },
        {
            "id": 321201,
            "name_code": 5037,
            "class": "Defender",
            "name_cn": "诺薇儿",
            "name_en": "Novel",
            "element": "Iron",
            "use_burst_skill": "Step2",
            "corporation": "TETRA",
            "weapon_type": "SMG",
            "original_rare": "SSR"
        },
        {
            "id": 324201,
            "name_code": 5039,
            "class": "Defender",
            "name_cn": "富克旺",
            "name_en": "Folkwang",
            "element": "Water",
            "use_burst_skill": "Step2",
            "corporation": "TETRA",
            "weapon_type": "AR",
            "original_rare": "SSR"
        },
        {
            "id": 328201,
            "name_code": 1012,
            "class": "Supporter",
            "name_cn": "樱花",
            "name_en": "Sakura",
            "element": "Fire",
            "use_burst_skill": "Step1",
            "corporation": "TETRA",
            "weapon_type": "SR",
            "original_rare": "SSR"
        },
        {
            "id": 311201,
            "name_code": 1022,
            "class": "Attacker",
            "name_cn": "毒蛇",
            "name_en": "Viper",
            "element": "Water",
            "use_burst_skill": "Step2",
            "corporation": "TETRA",
            "weapon_type": "SG",
            "original_rare": "SSR"
        },
        {
            "id": 331101,
            "name_code": 5050,
            "class": "Supporter",
            "name_cn": "可可",
            "name_en": "Cocoa",
            "element": "Fire",
            "use_burst_skill": "Step1",
            "corporation": "TETRA",
            "weapon_type": "SR",
            "original_rare": "SSR"
        },
        {
            "id": 331201,
            "name_code": 5051,
            "class": "Supporter",
            "name_cn": "索达",
            "name_en": "Soda",
            "element": "Fire",
            "use_burst_skill": "Step1",
            "corporation": "TETRA",
            "weapon_type": "MG",
            "original_rare": "SSR"
        },
        {
            "id": 338101,
            "name_code": 5054,
            "class": "Supporter",
            "name_cn": "饼干",
            "name_en": "Biscuit",
            "element": "Electronic",
            "use_burst_skill": "Step2",
            "corporation": "TETRA",
            "weapon_type": "RL",
            "original_rare": "SSR"
        },
        {
            "id": 339201,
            "name_code": 5069,
            "class": "Defender",
            "name_cn": "莱伊",
            "name_en": "Rei",
            "element": "Water",
            "use_burst_skill": "Step1",
            "corporation": "TETRA",
            "weapon_type": "SMG",
            "original_rare": "SSR"
        },
        {
            "id": 343201,
            "name_code": 5070,
            "class": "Attacker",
            "name_cn": "阿莉亚",
            "name_en": "Aria",
            "element": "Water",
            "use_burst_skill": "Step2",
            "corporation": "TETRA",
            "weapon_type": "MG",
            "original_rare": "SSR"
        },
        {
            "id": 343001,
            "name_code": 5074,
            "class": "Supporter",
            "name_cn": "诺伊斯",
            "name_en": "Noise",
            "element": "Electronic",
            "use_burst_skill": "Step1",
            "corporation": "TETRA",
            "weapon_type": "RL",
            "original_rare": "SSR"
        },
        {
            "id": 343101,
            "name_code": 5075,
            "class": "Attacker",
            "name_cn": "沃纶姆",
            "name_en": "Volume",
            "element": "Wind",
            "use_burst_skill": "Step1",
            "corporation": "TETRA",
            "weapon_type": "SMG",
            "original_rare": "SSR"
        },
        {
            "id": 320301,
            "name_code": 5087,
            "class": "Defender",
            "name_cn": "露菲：冬日购物狂",
            "name_en": "Rupee: Winter Shopper",
            "element": "Electronic",
            "use_burst_skill": "Step1",
            "corporation": "TETRA",
            "weapon_type": "AR",
            "original_rare": "SSR"
        },
        {
            "id": 228001,
            "name_code": 5045,
            "class": "Attacker",
            "name_cn": "罗珊娜",
            "name_en": "Rosanna",
            "element": "Electronic",
            "use_burst_skill": "Step1",
            "corporation": "TETRA",
            "weapon_type": "MG",
            "original_rare": "SSR"
        },
        {
            "id": 313201,
            "name_code": 5064,
            "class": "Supporter",
            "name_cn": "梅里：海湾女神",
            "name_en": "Mary: Bay Goddess",
            "element": "Water",
            "use_burst_skill": "Step1",
            "corporation": "TETRA",
            "weapon_type": "SR",
            "original_rare": "SSR"
        },
        {
            "id": 338001,
            "name_code": 5068,
            "class": "Defender",
            "name_cn": "尼罗",
            "name_en": "Nero",
            "element": "Fire",
            "use_burst_skill": "Step2",
            "corporation": "TETRA",
            "weapon_type": "SMG",
            "original_rare": "SSR"
        },
        {
            "id": 301501,
            "name_code": 5097,
            "class": "Supporter",
            "name_cn": "阿妮斯：闪耀夏日",
            "name_en": "Anis: Sparkling Summer",
            "element": "Electronic",
            "use_burst_skill": "Step3",
            "corporation": "TETRA",
            "weapon_type": "SG",
            "original_rare": "SSR"
        },
        {
            "id": 319401,
            "name_code": 5103,
            "class": "Attacker",
            "name_cn": "鲁德米拉：冬日之主",
            "name_en": "Ludmilla: Winter Owner",
            "element": "Water",
            "use_burst_skill": "Step3",
            "corporation": "TETRA",
            "weapon_type": "MG",
            "original_rare": "SSR"
        },
        {
            "id": 306201,
            "name_code": 5104,
            "class": "Supporter",
            "name_cn": "米卡：雪地伙伴",
            "name_en": "Mica: Snow Buddy",
            "element": "Iron",
            "use_burst_skill": "Step1",
            "corporation": "TETRA",
            "weapon_type": "SMG",
            "original_rare": "SSR"
        },
        {
            "id": 338201,
            "name_code": 5092,
            "class": "Supporter",
            "name_cn": "莱昂纳",
            "name_en": "Leona",
            "element": "Water",
            "use_burst_skill": "Step2",
            "corporation": "TETRA",
            "weapon_type": "SG",
            "original_rare": "SSR"
        },
        {
            "id": 328101,
            "name_code": 1021,
            "class": "Defender",
            "name_cn": "牡丹",
            "name_en": "Moran",
            "element": "Electronic",
            "use_burst_skill": "Step1",
            "corporation": "TETRA",
            "weapon_type": "AR",
            "original_rare": "SSR"
        },
        {
            "id": 331001,
            "name_code": 5046,
            "class": "Supporter",
            "name_cn": "爱德",
            "name_en": "Ade",
            "element": "Wind",
            "use_burst_skill": "Step2",
            "corporation": "TETRA",
            "weapon_type": "AR",
            "original_rare": "SSR"
        },
        {
            "id": 355001,
            "name_code": 5111,
            "class": "Defender",
            "name_cn": "贝伊",
            "name_en": "Bay",
            "element": "Fire",
            "use_burst_skill": "Step2",
            "corporation": "TETRA",
            "weapon_type": "RL",
            "original_rare": "SSR"
        },
        {
            "id": 331401,
            "name_code": 5113,
            "class": "Attacker",
            "name_cn": "索达：闪亮兔女郎",
            "name_en": "Soda: Twinkling Bunny",
            "element": "Iron",
            "use_burst_skill": "Step3",
            "corporation": "TETRA",
            "weapon_type": "SG",
            "original_rare": "SSR"
        },
        {
            "id": 319501,
            "name_code": 5114,
            "class": "Supporter",
            "name_cn": "爱丽丝：仙境兔女郎",
            "name_en": "Alice: Wonderland Bunny",
            "element": "Water",
            "use_burst_skill": "Step1",
            "corporation": "TETRA",
            "weapon_type": "SMG",
            "original_rare": "SSR"
        },
        {
            "id": 355101,
            "name_code": 5115,
            "class": "Supporter",
            "name_cn": "克雷伊",
            "name_en": "Clay",
            "element": "Electronic",
            "use_burst_skill": "Step2",
            "corporation": "TETRA",
            "weapon_type": "SMG",
            "original_rare": "SSR"
        },
        {
            "id": 328301,
            "name_code": 5116,
            "class": "Supporter",
            "name_cn": "罗珊娜：高雅海洋",
            "name_en": "Rosanna: Chic Ocean",
            "element": "Wind",
            "use_burst_skill": "Step2",
            "corporation": "TETRA",
            "weapon_type": "AR",
            "original_rare": "SSR"
        },
        {
            "id": 328401,
            "name_code": 5117,
            "class": "Attacker",
            "name_cn": "樱花：夏日绽放",
            "name_en": "Sakura: Bloom in Summer",
            "element": "Wind",
            "use_burst_skill": "Step3",
            "corporation": "TETRA",
            "weapon_type": "AR",
            "original_rare": "SSR"
        },
        {
            "id": 327201,
            "name_code": 5049,
            "class": "Supporter",
            "name_cn": "露姬",
            "name_en": "Rouge",
            "element": "Electronic",
            "use_burst_skill": "Step1",
            "corporation": "TETRA",
            "weapon_type": "SR",
            "original_rare": "SSR"
        },
        {
            "id": 324001,
            "name_code": 3004,
            "class": "Defender",
            "name_cn": "鲁玛妮",
            "name_en": "Rumani",
            "element": "Fire",
            "use_burst_skill": "Step1",
            "corporation": "TETRA",
            "weapon_type": "RL",
            "original_rare": "SSR"
        },
        {
            "id": 352001,
            "name_code": 5135,
            "class": "Attacker",
            "name_cn": "布蕾德",
            "name_en": "Bready",
            "element": "Water",
            "use_burst_skill": "Step3",
            "corporation": "TETRA",
            "weapon_type": "SR",
            "original_rare": "SSR"
        },
        {
            "id": 352101,
            "name_code": 5136,
            "class": "Supporter",
            "name_cn": "克劳斯特",
            "name_en": "Crust",
            "element": "Water",
            "use_burst_skill": "Step2",
            "corporation": "TETRA",
            "weapon_type": "RL",
            "original_rare": "SSR"
        },
        {
            "id": 422001,
            "name_code": 5012,
            "class": "Attacker",
            "name_cn": "白雪公主",
            "name_en": "Snow White",
            "element": "Iron",
            "use_burst_skill": "Step3",
            "corporation": "PILGRIM",
            "weapon_type": "AR",
            "original_rare": "SSR"
        },
        {
            "id": 423101,
            "name_code": 5013,
            "class": "Attacker",
            "name_cn": "伊莎贝尔",
            "name_en": "Isabel",
            "element": "Electronic",
            "use_burst_skill": "Step3",
            "corporation": "PILGRIM",
            "weapon_type": "SG",
            "original_rare": "SSR"
        },
        {
            "id": 422101,
            "name_code": 5040,
            "class": "Supporter",
            "name_cn": "长发公主",
            "name_en": "Rapunzel",
            "element": "Iron",
            "use_burst_skill": "Step1",
            "corporation": "PILGRIM",
            "weapon_type": "RL",
            "original_rare": "SSR"
        },
        {
            "id": 422201,
            "name_code": 5041,
            "class": "Attacker",
            "name_cn": "红莲",
            "name_en": "Scarlet",
            "element": "Electronic",
            "use_burst_skill": "Step3",
            "corporation": "PILGRIM",
            "weapon_type": "AR",
            "original_rare": "SSR"
        },
        {
            "id": 423001,
            "name_code": 5042,
            "class": "Attacker",
            "name_cn": "哈兰",
            "name_en": "Harran",
            "element": "Electronic",
            "use_burst_skill": "Step3",
            "corporation": "PILGRIM",
            "weapon_type": "SR",
            "original_rare": "SSR"
        },
        {
            "id": 423201,
            "name_code": 5043,
            "class": "Defender",
            "name_cn": "诺雅",
            "name_en": "Noah",
            "element": "Wind",
            "use_burst_skill": "Step2",
            "corporation": "PILGRIM",
            "weapon_type": "RL",
            "original_rare": "SSR"
        },
        {
            "id": 426001,
            "name_code": 5044,
            "class": "Attacker",
            "name_cn": "神罚",
            "name_en": "Modernia",
            "element": "Fire",
            "use_burst_skill": "Step3",
            "corporation": "PILGRIM",
            "weapon_type": "MG",
            "original_rare": "SSR"
        },
        {
            "id": 426101,
            "name_code": 5056,
            "class": "Attacker",
            "name_cn": "尼希利斯塔",
            "name_en": "Nihilister",
            "element": "Fire",
            "use_burst_skill": "Step2",
            "corporation": "PILGRIM",
            "weapon_type": "SR",
            "original_rare": "SSR"
        },
        {
            "id": 423301,
            "name_code": 5061,
            "class": "Supporter",
            "name_cn": "桃乐丝",
            "name_en": "Dorothy",
            "element": "Water",
            "use_burst_skill": "Step1",
            "corporation": "PILGRIM",
            "weapon_type": "AR",
            "original_rare": "SSR"
        },
        {
            "id": 447001,
            "name_code": 5101,
            "class": "Attacker",
            "name_cn": "小红帽",
            "name_en": "Red Hood",
            "element": "Iron",
            "use_burst_skill": "AllStep",
            "corporation": "PILGRIM",
            "weapon_type": "SR",
            "original_rare": "SSR"
        },
        {
            "id": 422401,
            "name_code": 5102,
            "class": "Attacker",
            "name_cn": "白雪公主：纯真年代",
            "name_en": "Snow White: Innocent Days",
            "element": "Iron",
            "use_burst_skill": "Step3",
            "corporation": "PILGRIM",
            "weapon_type": "AR",
            "original_rare": "SSR"
        },
        {
            "id": 422501,
            "name_code": 5105,
            "class": "Attacker",
            "name_cn": "红莲：暗影",
            "name_en": "Scarlet: Black Shadow",
            "element": "Wind",
            "use_burst_skill": "Step3",
            "corporation": "PILGRIM",
            "weapon_type": "RL",
            "original_rare": "SSR"
        },
        {
            "id": 433001,
            "name_code": 5065,
            "class": "Defender",
            "name_cn": "皇冠",
            "name_en": "Crown",
            "element": "Iron",
            "use_burst_skill": "Step2",
            "corporation": "PILGRIM",
            "weapon_type": "MG",
            "original_rare": "SSR"
        },
        {
            "id": 422601,
            "name_code": 5123,
            "class": "Defender",
            "name_cn": "长发公主：纯洁恩典",
            "name_en": "Rapunzel: Pure Grace",
            "element": "Iron",
            "use_burst_skill": "Step1",
            "corporation": "PILGRIM",
            "weapon_type": "SR",
            "original_rare": "SSR"
        },
        {
            "id": 451101,
            "name_code": 5124,
            "class": "Defender",
            "name_cn": "灰姑娘",
            "name_en": "Cinderella",
            "element": "Electronic",
            "use_burst_skill": "Step3",
            "corporation": "PILGRIM",
            "weapon_type": "RL",
            "original_rare": "SSR"
        },
        {
            "id": 451401,
            "name_code": 5125,
            "class": "Supporter",
            "name_cn": "格拉维",
            "name_en": "Grave",
            "element": "Fire",
            "use_burst_skill": "Step2",
            "corporation": "PILGRIM",
            "weapon_type": "AR",
            "original_rare": "SSR"
        },
        {
            "id": 451301,
            "name_code": 5137,
            "class": "Supporter",
            "name_cn": "小美人鱼",
            "name_en": "Little Mermaid",
            "element": "Wind",
            "use_burst_skill": "Step1",
            "corporation": "PILGRIM",
            "weapon_type": "SMG",
            "original_rare": "SSR"
        },
        {
            "id": 580001,
            "name_code": 5089,
            "class": "Defender",
            "name_cn": "真纪真",
            "name_en": "Makima",
            "element": "Water",
            "use_burst_skill": "Step2",
            "corporation": "ABNORMAL",
            "weapon_type": "SMG",
            "original_rare": "SSR"
        },
        {
            "id": 580101,
            "name_code": 5090,
            "class": "Attacker",
            "name_cn": "帕瓦",
            "name_en": "Power",
            "element": "Fire",
            "use_burst_skill": "Step3",
            "corporation": "ABNORMAL",
            "weapon_type": "RL",
            "original_rare": "SSR"
        },
        {
            "id": 581001,
            "name_code": 5094,
            "class": "Defender",
            "name_cn": "2B",
            "name_en": "2B",
            "element": "Fire",
            "use_burst_skill": "Step3",
            "corporation": "ABNORMAL",
            "weapon_type": "AR",
            "original_rare": "SSR"
        },
        {
            "id": 581101,
            "name_code": 5095,
            "class": "Attacker",
            "name_cn": "A2",
            "name_en": "A2",
            "element": "Fire",
            "use_burst_skill": "Step3",
            "corporation": "ABNORMAL",
            "weapon_type": "RL",
            "original_rare": "SSR"
        },
        {
            "id": 582001,
            "name_code": 5108,
            "class": "Supporter",
            "name_cn": "雷姆",
            "name_en": "Rem",
            "element": "Water",
            "use_burst_skill": "Step2",
            "corporation": "ABNORMAL",
            "weapon_type": "MG",
            "original_rare": "SSR"
        },
        {
            "id": 582101,
            "name_code": 5109,
            "class": "Attacker",
            "name_cn": "爱蜜莉雅",
            "name_en": "Emilia",
            "element": "Water",
            "use_burst_skill": "Step3",
            "corporation": "ABNORMAL",
            "weapon_type": "RL",
            "original_rare": "SSR"
        },
        {
            "id": 583001,
            "name_code": 5118,
            "class": "Attacker",
            "name_cn": "明日香",
            "name_en": "Asuka",
            "element": "Fire",
            "use_burst_skill": "Step3",
            "corporation": "ABNORMAL",
            "weapon_type": "AR",
            "original_rare": "SSR"
        },
        {
            "id": 583101,
            "name_code": 5119,
            "class": "Attacker",
            "name_cn": "零",
            "name_en": "Rei",
            "element": "Fire",
            "use_burst_skill": "Step3",
            "corporation": "ABNORMAL",
            "weapon_type": "MG",
            "original_rare": "SSR"
        },
        {
            "id": 583201,
            "name_code": 5120,
            "class": "Supporter",
            "name_cn": "真理",
            "name_en": "Mari",
            "element": "Electronic",
            "use_burst_skill": "Step2",
            "corporation": "ABNORMAL",
            "weapon_type": "SR",
            "original_rare": "SSR"
        },
        {
            "id": 583501,
            "name_code": 5133,
            "class": "Attacker",
            "name_cn": "明日香：WILLE",
            "name_en": "Asuka: WILLE",
            "element": "Wind",
            "use_burst_skill": "Step3",
            "corporation": "ABNORMAL",
            "weapon_type": "MG",
            "original_rare": "SSR"
        },
        {
            "id": 583401,
            "name_code": 5132,
            "class": "Attacker",
            "name_cn": "零（暂称）",
            "name_en": "Rei (Tentative Name)",
            "element": "Wind",
            "use_burst_skill": "Step3",
            "corporation": "ABNORMAL",
            "weapon_type": "AR",
            "original_rare": "SSR"
        },
        {
            "id": 585001,
            "name_code": 5142,
            "class": "Attacker",
            "name_cn": "伊芙",
            "name_en": "EVE",
            "element": "Iron",
            "use_burst_skill": "Step3",
            "corporation": "ABNORMAL",
            "weapon_type": "AR",
            "original_rare": "SSR"
        },
        {
            "id": 585101,
            "name_code": 5143,
            "class": "Attacker",
            "name_cn": "蕾雯",
            "name_en": "Raven",
            "element": "Iron",
            "use_burst_skill": "Step3",
            "corporation": "ABNORMAL",
            "weapon_type": "RL",
            "original_rare": "SSR"
        },
        {
            "id": 201001,
            "name_code": 3001,
            "class": "Attacker",
            "name_cn": "拉毗",
            "name_en": "Rapi",
            "element": "Fire",
            "use_burst_skill": "Step3",
            "corporation": "ELYSION",
            "weapon_type": "AR",
            "original_rare": "SR"
        },
        {
            "id": 201101,
            "name_code": 3002,
            "class": "Supporter",
            "name_cn": "尼恩",
            "name_en": "Neon",
            "element": "Fire",
            "use_burst_skill": "Step1",
            "corporation": "ELYSION",
            "weapon_type": "SG",
            "original_rare": "SR"
        },
        {
            "id": 202001,
            "name_code": 3003,
            "class": "Defender",
            "name_cn": "德尔塔",
            "name_en": "Delta",
            "element": "Wind",
            "use_burst_skill": "Step2",
            "corporation": "ELYSION",
            "weapon_type": "SR",
            "original_rare": "SR"
        },
        {
            "id": 235101,
            "name_code": 5063,
            "class": "Defender",
            "name_cn": "安克",
            "name_en": "Anchor",
            "element": "Wind",
            "use_burst_skill": "Step1",
            "corporation": "ELYSION",
            "weapon_type": "RL",
            "original_rare": "SR"
        },
        {
            "id": 116101,
            "name_code": 3006,
            "class": "Attacker",
            "name_cn": "米哈拉",
            "name_en": "Mihara",
            "element": "Water",
            "use_burst_skill": "Step3",
            "corporation": "MISSILIS",
            "weapon_type": "AR",
            "original_rare": "SR"
        },
        {
            "id": 112001,
            "name_code": 3009,
            "class": "Supporter",
            "name_cn": "N102",
            "name_en": "N102",
            "element": "Water",
            "use_burst_skill": "Step1",
            "corporation": "MISSILIS",
            "weapon_type": "RL",
            "original_rare": "SR"
        },
        {
            "id": 129101,
            "name_code": 3010,
            "class": "Defender",
            "name_cn": "艾瑟儿",
            "name_en": "Ether",
            "element": "Electronic",
            "use_burst_skill": "Step1",
            "corporation": "MISSILIS",
            "weapon_type": "SG",
            "original_rare": "SR"
        },
        {
            "id": 301201,
            "name_code": 3005,
            "class": "Defender",
            "name_cn": "阿妮斯",
            "name_en": "Anis",
            "element": "Iron",
            "use_burst_skill": "Step2",
            "corporation": "TETRA",
            "weapon_type": "RL",
            "original_rare": "SR"
        },
        {
            "id": 306001,
            "name_code": 3007,
            "class": "Attacker",
            "name_cn": "贝洛塔",
            "name_en": "Belorta",
            "element": "Electronic",
            "use_burst_skill": "Step2",
            "corporation": "TETRA",
            "weapon_type": "RL",
            "original_rare": "SR"
        },
        {
            "id": 306101,
            "name_code": 3008,
            "class": "Supporter",
            "name_cn": "米卡",
            "name_en": "Mica",
            "element": "Wind",
            "use_burst_skill": "Step1",
            "corporation": "TETRA",
            "weapon_type": "RL",
            "original_rare": "SR"
        },
        {
            "id": 319301,
            "name_code": 3011,
            "class": "Attacker",
            "name_cn": "尼夫",
            "name_en": "Neve",
            "element": "Water",
            "use_burst_skill": "Step3",
            "corporation": "TETRA",
            "weapon_type": "SG",
            "original_rare": "SR"
        },
        {
            "id": 580201,
            "name_code": 3012,
            "class": "Supporter",
            "name_cn": "姬野",
            "name_en": "Himeno",
            "element": "Wind",
            "use_burst_skill": "Step2",
            "corporation": "ABNORMAL",
            "weapon_type": "SR",
            "original_rare": "SR"
        },
        {
            "id": 581201,
            "name_code": 5096,
            "class": "Supporter",
            "name_cn": "帕斯卡",
            "name_en": "Pascal",
            "element": "Iron",
            "use_burst_skill": "Step1",
            "corporation": "ABNORMAL",
            "weapon_type": "RL",
            "original_rare": "SR"
        },
        {
            "id": 582201,
            "name_code": 3013,
            "class": "Defender",
            "name_cn": "拉姆",
            "name_en": "Ram",
            "element": "Wind",
            "use_burst_skill": "Step1",
            "corporation": "ABNORMAL",
            "weapon_type": "SR",
            "original_rare": "SR"
        },
        {
            "id": 583301,
            "name_code": 3014,
            "class": "Supporter",
            "name_cn": "美里",
            "name_en": "Misato",
            "element": "Iron",
            "use_burst_skill": "Step1",
            "corporation": "ABNORMAL",
            "weapon_type": "SMG",
            "original_rare": "SR"
        },
        {
            "id": 583601,
            "name_code": 3015,
            "class": "Supporter",
            "name_cn": "樱",
            "name_en": "Sakura",
            "element": "Water",
            "use_burst_skill": "Step1",
            "corporation": "ABNORMAL",
            "weapon_type": "SMG",
            "original_rare": "SR"
        },
        {
            "id": 585201,
            "name_code": 3016,
            "class": "Supporter",
            "name_cn": "百合",
            "name_en": "Lily",
            "element": "Wind",
            "use_burst_skill": "Step2",
            "corporation": "ABNORMAL",
            "weapon_type": "SMG",
            "original_rare": "SR"
        },
        {
            "id": 230001,
            "name_code": 1013,
            "class": "Attacker",
            "name_cn": "士兵E.G.",
            "name_en": "Soldier EG",
            "element": "Electronic",
            "use_burst_skill": "Step3",
            "corporation": "ELYSION",
            "weapon_type": "AR",
            "original_rare": "R"
        },
        {
            "id": 230101,
            "name_code": 1014,
            "class": "Defender",
            "name_cn": "士兵F.A.",
            "name_en": "Soldier FA",
            "element": "Iron",
            "use_burst_skill": "Step2",
            "corporation": "ELYSION",
            "weapon_type": "SG",
            "original_rare": "R"
        },
        {
            "id": 230601,
            "name_code": 1025,
            "class": "Supporter",
            "name_cn": "士兵O.W.",
            "name_en": "Soldier OW",
            "element": "Fire",
            "use_burst_skill": "Step1",
            "corporation": "ELYSION",
            "weapon_type": "SMG",
            "original_rare": "R"
        },
        {
            "id": 130201,
            "name_code": 1015,
            "class": "Supporter",
            "name_cn": "产品08",
            "name_en": "Product 08",
            "element": "Electronic",
            "use_burst_skill": "Step1",
            "corporation": "MISSILIS",
            "weapon_type": "SR",
            "original_rare": "R"
        },
        {
            "id": 130301,
            "name_code": 1016,
            "class": "Attacker",
            "name_cn": "产品12",
            "name_en": "Product 12",
            "element": "Fire",
            "use_burst_skill": "Step3",
            "corporation": "MISSILIS",
            "weapon_type": "MG",
            "original_rare": "R"
        },
        {
            "id": 130701,
            "name_code": 1024,
            "class": "Supporter",
            "name_cn": "产品23",
            "name_en": "Product 23",
            "element": "Wind",
            "use_burst_skill": "Step2",
            "corporation": "MISSILIS",
            "weapon_type": "SG",
            "original_rare": "R"
        },
        {
            "id": 330401,
            "name_code": 1017,
            "class": "Defender",
            "name_cn": "iDoll花",
            "name_en": "iDoll Flower",
            "element": "Wind",
            "use_burst_skill": "Step1",
            "corporation": "TETRA",
            "weapon_type": "RL",
            "original_rare": "R"
        },
        {
            "id": 330501,
            "name_code": 1018,
            "class": "Supporter",
            "name_cn": "iDoll海",
            "name_en": "iDoll Ocean",
            "element": "Water",
            "use_burst_skill": "Step1",
            "corporation": "TETRA",
            "weapon_type": "SMG",
            "original_rare": "R"
        },
        {
            "id": 330801,
            "name_code": 1023,
            "class": "Supporter",
            "name_cn": "iDoll太阳",
            "name_en": "iDoll Sun",
            "element": "Iron",
            "use_burst_skill": "Step3",
            "corporation": "TETRA",
            "weapon_type": "AR",
            "original_rare": "R"
        }
    ]
}